<?xml version="1.0" encoding="windows-1252" ?>
<adfc-config xmlns="http://xmlns.oracle.com/adf/controller" version="1.2">
  <task-flow-definition id="programatic-task-flow">
    <default-activity id="__1">empDetails</default-activity>
    <managed-bean id="__5">
      <managed-bean-name id="__2">EmployeeBean</managed-bean-name>
      <managed-bean-class id="__4">oracle.view.EmployeeBean</managed-bean-class>
      <managed-bean-scope id="__3">pageFlow</managed-bean-scope>
    </managed-bean>
    <view id="empDetails">
      <page>/empDetails.jsff</page>
    </view>
    <use-page-fragments/>
  </task-flow-definition>
</adfc-config>
